```<常設>	
986	ルガ族
942	ダイナマイツ
943	バサラ
944	ギャルズ
945	ドラエン
946	ソウルズ
947	ダクヒ
948	ゼウス
980	ウォーズ
950	ギャルモン
951	エレピク
979	ウォーズ
949	ウォーズ
696	レドバス
452	エアバス
915	メタバス
523	波動バス
772	生命体バス
906	メタバス
<祭・プラチケ・レジェチケ>	
981	超ネコ
982	極ネコ
972	超極ネコ
973	国王祭
861	女王祭
939	バスタ祭
983	プラチナガチャ
984	レジェンドガチャ
953	プラチナガチャ
954	レジェンドガチャ
965	プラチナガチャ
966	レジェンドガチャ
971	レジェンドガチャ
970	プラチナガチャ
<季節>	
922	ハロウィン
940	クリスマスギャルズ
875	イースターカーニバル
785	バレンタインギャルズ
968	ホワイトデー
887	ジューンブライド
896	サマーガールズ サンシャイン
897	サマーガールズ ブルーオーシャン
<セレクション・その他>	
957	新年
975	超選抜祭
976	極選抜祭
848	くにお
924	りき
936	ウルトラ4セレクション
937	ミラクル4セレクション
938	エクセレント4セレクション
974	アウトレット
<コラボ>	
49	ゆるドラシル
925	メルクストーリア
496	生きろ！マンボウ！
505	消滅都市
482	ケリ姫スイーツ
958	魔法少女まどか☆マギカ
322	クラッシュフィーバー
296	ぐでたま
788	劇場版 Fate stay night
265	実況パワフルプロ野球
818	エヴァンゲリオン
913	ビックリマン
850	初音ミク
819	エヴァンゲリオン2nd
748	らんま1/2
763	ストリートファイターV BLUE TEAM
764	ストリートファイターV RED TEAM
864	メタルスラッグアタック
888	るろうに剣心
978	範馬刃牙
985	ソニック
	
910	極ネコ
919	極ネコ
931	極ネコ
964	極ネコ
969	極ネコ
982	極ネコ
963	超ネコ
	
991	ゼウス
992	ゼウス
993	超ネコ
994	極ネコ
995	プラチナガチャ
996	レジェンドガチャ
997	サマガ
998	エヴァンゲリオン
999	エヴァンゲリオン2nd
1000	マンボウ
1001	サマガ
1002	マンボウ
1003	ソニック
1004	エレピク
1005	エレピク
1006	超ネコ
1007	極ネコ
1008	プラチナガチャ
1009	レジェンドガチャ
1010	サマガサン
1017	ストファイ BLUE
1018	ストファイ RED
ストリートファイター 【BLUE TEAM】
ストリートファイター 【RED TEAM】
3	マタタビ入りアイテムガチャ
5	キャッツアイ入りアイテムガチャ
65	闇目入キャッツアイ
13	ビックリマンイベントガチャ
14	ねこのなつやすみイベントガチャ
15	にゃんこ競馬イベントガチャ
16	Q周年記念限定ガチャ
17	春節イベントガチャ
18	トキメキにゃんこ学園イベントガチャ
19	悪魔のジューンブライドイベントガチャ
20	ねこのなつやすみイベントガチャ
21	 10周年メモリアルイベントガチャ
22	id:イベントガチャ22
23	トキメキにゃんこ学園イベントガチャ
34	ハロウィンパーティ（イベガチャ）
	
36	春節（イベガチャ）
37	トキメキにゃんこ学園（イベガチャ）
38	プレミアムフェア（イベガチャ）
39	範馬刃牙（イベガチャ）
40	ねこなつサバイバル編（イベガチャ）
41	ねこなつパラダイス編（イベガチャ）
42	ダウンロード記念スペシャル（イベガチャ）
44	ハロウィンパーティ（イベガチャ）
